Partner Name,Service Type,Referral Program Type,Commission Structure,Target Client Size,Geographic Focus,Key Differentiator,Contact Method,Status
Kruze Consulting,Accounting/CFO Services,Client Referral,Client referral rewards,Seed to Series C,Nationwide,Startup-focused CPA,Website inquiry,Target
Burkland Associates,Fractional CFO,Referral Partnership,Referral fees,Series A-C,US (multi-office),$20B+ VC raised,Partnership page,Target
CFO Advisors,Startup CFO Services,Strategic Partnership,Commission-based,Series A,Bay Area focus,Sequoia/a16z/Bessemer partner,Contact form,Target
ProfitSpear,Fractional CFO,Partner Program,Referral commission,Pre-seed to Series A,USA,$3.5K/mo starting rate,Website inquiry,Target
GetExact,Startup Finance,Referral Network,Referral fees,$2M-$8M ARR,Remote-friendly,Fractional CFO matchmaking,Contact form,Monitor
FreshBooks,Accounting Software,Accounting Partner Program,Commission + discounts,Small business,Global,Collaborative accounting focus,Partner portal,Active Program
BILL (Bill.com),AP/AR Platform,Accountant Partner Program,$500 per referral,Small-mid business,USA,8K+ firm partners,Console signup,Active Program
Ramp,Corporate Cards,Partner Tiers (Apr 2025),Revenue share tiers,All sizes,USA,Fastest growing spend mgmt,Partner page,Active Program
Wolters Kluwer,Tax/Accounting,CPA Referral Program,Revenue sharing,Enterprise,USA,Leading tax solutions,Partner portal,Active Program
Melio,Payments,Affiliate Program,$300 (biz) / $600 (firm),SMB/Accountants,USA,100K+ business users,PartnerStack signup,Active Program
ADP,Payroll/PEO,Accountant Revenue Share,25-75% of payroll fees,All sizes,USA,Market leader,Partner portal,Active Program
Gusto,Payroll/HR,Partner Program,5-20% revenue share,Small business,USA,Modern payroll platform,Partner portal,Active Program
Justworks,PEO,Partner Program,$100-300 per employee,SMB,USA,Simple PEO solution,Partner signup,Active Program
Lyons HR,PEO/HR Services,Referral Partner Program,Commission-based,SMB,USA,Industry leader,Referral form,Active Program
HRDelivered,PEO Platform,Broker Partnership,Monthly residual commissions,All sizes,USA,91% retention rate,Partner portal,Active Program
CoAdvantage,PEO,Referral Program,Commission structure,SMB-mid,USA,NAPEO certified,Contact form,Target
Group Management Services (GMS),PEO/Payroll,Referral Program,Referral fees,SMB,USA (multi-state),Certified PEO,Referral page,Target
FrankCrum,PEO,Broker Referral Program,REF_BUSINESS$$,Texas focus,Texas,800-277-1620,Website referral,Target
Judy Security,Cybersecurity,MSP Partner Program,20% commission Y1,SMB,USA,100% channel through MSPs,Partner signup,Active Program
CyberHoot,Security Training,Referral Partner Program,20% Y1 revenue,Consultants/MSPs,USA,Quick signup + materials,Website signup,Active Program
Keyfactor,Cybersecurity,Partner Network,Partner discounts,Enterprise,Global,Enhanced partner experience,Partner portal,Active Program
Armis,Security Platform,MSP Program,Flexible billing MSP,Enterprise,Global,Free lab access + training,Partner portal,Active Program
NordPass,Password Security,MSP Partner Program,PartnerStack platform,MSPs,Global,Easiest MSP program,Partner signup,Active Program
Guardz,Cybersecurity,MSP Platform,Revenue share,MSPs/SMBs,USA,AI-driven threat detection,Partner page,Target
Cyware,Threat Intelligence,Cyware One,Partner tiers,Enterprise,Global,SOAR platform,Partner inquiry,Target
SkySwitch,UCaaS/White-label,MSP Partner,White-label revenue,MSPs,USA,White-label UCaaS platform,Contact form,Target
Dataprise,Managed IT,Co-managed IT Services,Referral structure,Mid-market,USA,Enterprise-grade security,Partner inquiry,Target
Cyber Husky,IT/Security,MSP Services,Partner program,SMB,USA,Comprehensive IT support,Partner page,Monitor
HubSpot,CRM/Marketing,Solutions Partner Program,20% recurring,All sizes,Global,Leading CRM platform,Partner portal,Active Program
Jotform,Forms/Workflow,Agency Partner Program,30% lifetime commissions,Agencies,Global,Secure form platform,Partner dashboard,Active Program
SmartSites,Digital Marketing,Referral Partner Program,Revenue share,All sizes,USA,#1 rated agency,Partner signup,Active Program
Yotpo,Loyalty/Referral,Partner Program,Platform-based,E-commerce,Global,Top referral platform,Partner inquiry,Monitor
ReferralCandy,Referral Software,Partner/Affiliate,Commission-based,E-commerce,Global,3K+ program analysis,Affiliate signup,Monitor
LEAP Legal Software,Legal Practice Mgmt,Referral Partner Program,$80/user up to $2K,Law firms,USA/US/UK/AU,AI-powered practice mgmt,Referral form,Target
MyCase,Legal Software,Affiliate Program,Commission-based,Law firms,USA,Practice management,Affiliate signup,Monitor
Legal Brand Marketing,Legal Leads,Affiliate Partner Program,Lead generation,Attorneys,USA,Exclusive legal leads,Partner page,Target
Smokeball,Legal Software,Client Referral Program,Referral rewards,Law firms,USA,AU/UK/US practice mgmt,Client referral,Monitor
